[{"date":"2022-07-01T00:00:00Z","event":"http://www.wikidata.org/entity/Q39054078","eventLabel":"2022 Hong Kong Chief Executive election"},{"date":"2022-07-11T00:00:00Z","event":"http://www.wikidata.org/entity/Q67370691","eventLabel":"15th International Conference on Quantum Communication, Measurement and Computing"},{"date":"2022-07-02T00:00:00Z","event":"http://www.wikidata.org/entity/Q106371900","eventLabel":"2022 Africa Women Cup of Nations"},{"date":"2022-07-16T00:00:00Z","event":"http://www.wikidata.org/entity/Q107389445","eventLabel":"2022 Nigerian gubernatorial elections"},{"date":"2022-07-16T00:00:00Z","event":"http://www.wikidata.org/entity/Q107394980","eventLabel":"2022 Osun State gubernatorial election"},{"date":"2022-06-20T00:00:00Z","event":"http://www.wikidata.org/entity/Q109515963","eventLabel":"ACM/IEEE Joint Conference on Digital Libraries 2022"},{"date":"2022-07-09T00:00:00Z","event":"http://www.wikidata.org/entity/Q110639747","eventLabel":"Next Nova Scotia Liberal Party leadership election"},{"date":"2022-07-14T00:00:00Z","event":"http://www.wikidata.org/entity/Q110654954","eventLabel":"2022 Tunis Ranking Series"},{"date":"2022-06-20T00:00:00Z","event":"http://www.wikidata.org/entity/Q110927416","eventLabel":"LREC 2022"},{"date":"2022-07-18T00:00:00Z","event":"http://www.wikidata.org/entity/Q112039823","eventLabel":"INLG 2022"}]